<?xml version='1.0' encoding='UTF-8' ?>
<timeLogEntries>
  <time id="42" path="/Engenharia2/Programa6/Planning" start="@1558139015090" delta="1" flag="A" />
  <time id="43" path="/Engenharia2/Programa6/Design" start="@1558139042066" delta="1" flag="A" />
  <time id="44" path="/Engenharia2/Programa6/Design Review" start="@1558139044864" delta="1" flag="A" />
  <time id="45" path="/Engenharia2/Programa6/Code" start="@1558139047273" delta="14" flag="A" />
  <time id="46" path="/Engenharia2/Programa6/Code" start="@1558140870592" delta="1" flag="A" />
  <time id="47" path="/Engenharia2/Programa6/Code Review" start="@1558140930137" delta="1" flag="A" />
  <time id="48" path="/Engenharia2/Programa6/Test" start="@1558140932287" delta="1" flag="A" />
  <time id="49" path="/Engenharia2/Programa6/Postmortem" start="@1558140932809" flag="A" />
</timeLogEntries>
