<?xml version='1.0' encoding='UTF-8' ?>
<timeLogEntries>
  <time id="1" path="/Projeto/Programa2/Planning" start="@1553616360511" delta="1" />
  <time id="2" path="/Projeto/Programa2/Design" start="@1553616405311" delta="2" />
  <time id="3" path="/Projeto/Programa2/Code" start="@1553616507482" delta="15" interrupt="1" />
  <time id="4" path="/Projeto/Programa2/Test" start="@1553617526830" delta="1" />
  <time id="5" path="/Projeto/Programa2/Postmortem" start="@1553617548092" />
  <time id="6" path="/Projeto/Prog2/Planning" start="@1554130443208" delta="1" />
  <time id="7" path="/Projeto/Prog2/Design" start="@1554130494331" delta="1" />
  <time id="8" path="/Projeto/Prog2/Code" start="@1554130578547" delta="107" />
  <time id="9" path="/Projeto/Prog2/Test" start="@1554136971591" delta="1" />
  <time id="10" path="/Projeto/Prog2/Postmortem" start="@1554136972332" />
  <time id="11" path="/Projeto/Programa5/Planning" start="@1556633657520" delta="1" />
  <time id="12" path="/Projeto/Programa5/Design" start="@1556633697011" delta="5" />
  <time id="13" path="/Projeto/Programa5/Design Review" start="@1556633978239" delta="1" />
  <time id="14" path="/Projeto/Programa5/Code" start="@1556633995128" delta="97" interrupt="16" />
  <time id="15" path="/Engenharia2/Programa1/Planning" start="@1557432706327" delta="1" />
  <time id="16" path="/Engenharia2/Programa1/Design" start="@1557432747304" delta="1" />
  <time id="17" path="/Engenharia2/Programa1/Code" start="@1557432793611" delta="20" interrupt="4" />
  <time id="18" path="/Engenharia2/Programa1/Test" start="@1557434289741" delta="1" />
  <time id="19" path="/Engenharia2/Programa1/Postmortem" start="@1557434291684" />
  <time id="20" path="/Engenharia2/Programa2/Planning" start="@1557612926375" delta="1" />
  <time id="21" path="/Engenharia2/Programa2/Design" start="@1557612952080" delta="1" />
  <time id="22" path="/Engenharia2/Programa2/Code" start="@1557613007743" delta="83" />
  <time id="23" path="/Engenharia2/Programa2/Test" start="@1557617994516" delta="1" />
  <time id="24" path="/Engenharia2/Programa2/Postmortem" start="@1557618011602" />
  <time id="25" path="/Engenharia2/Programa3/Planning" start="@1557621558358" delta="1" />
  <time id="26" path="/Engenharia2/Programa3/Design" start="@1557621621116" delta="1" />
  <time id="27" path="/Engenharia2/Programa3/Code" start="@1557621686757" delta="57" />
  <time id="28" path="/Engenharia2/Programa3/Test" start="@1557625100606" delta="3" />
  <time id="29" path="/Engenharia2/Programa4/Design" start="@1557977139312" delta="1" />
  <time id="30" path="/Engenharia2/Programa4/Code" start="@1557977218403" delta="46" />
  <time id="31" path="/Engenharia2/Programa4/Test" start="@1557979977357" delta="1" />
  <time id="32" path="/Engenharia2/Programa4/Postmortem" start="@1557979987364" />
  <time id="33" path="/Engenharia2/Programa5/Planning" start="@1558065774961" delta="1" />
  <time id="34" path="/Engenharia2/Programa5/Design" start="@1558065863097" delta="4" />
  <time id="35" path="/Engenharia2/Programa5/Design Review" start="@1558066088765" delta="1" />
  <time id="36" path="/Engenharia2/Programa5/Code" start="@1558066096398" delta="17" />
  <time id="37" path="/Engenharia2/Programa5/Code" start="@1558132637980" delta="26" />
  <time id="38" path="/Engenharia2/Programa5/Code" start="@1558134937327" delta="7" />
  <time id="39" path="/Engenharia2/Programa5/Code Review" start="@1558135382990" delta="1" />
  <time id="40" path="/Engenharia2/Programa5/Test" start="@1558135420743" delta="1" />
  <time id="41" path="/Engenharia2/Programa5/Postmortem" start="@1558135422334" />
</timeLogEntries>
