<?xml version='1.0' encoding='UTF-8' ?>
<timeLogEntries>
  <time id="50" path="/Engenharia2/Programa7/Planning" start="@1558676141191" delta="1" flag="A" />
  <time id="51" path="/Engenharia2/Programa7/Design" start="@1558676193846" delta="5" flag="A" />
  <time id="52" path="/Engenharia2/Programa7/Design Review" start="@1558676472308" delta="2" flag="A" />
  <time id="53" path="/Engenharia2/Programa7/Code" start="@1558676563538" delta="1" flag="A" />
  <time id="54" path="/Engenharia2/Programa7/Code" start="@1558678354042" delta="19" flag="A" />
  <time id="55" path="/Engenharia2/Programa7/Code" start="@1558680278957" delta="9" flag="A" />
  <time id="56" path="/Engenharia2/Programa7/Code" start="@1558681253821" delta="1" flag="A" />
  <time id="57" path="/Engenharia2/Programa7/Code Review" start="@1558681258953" delta="1" flag="A" />
  <time id="58" path="/Engenharia2/Programa7/Test" start="@1558681328266" delta="1" flag="A" />
  <time id="59" path="/Engenharia2/Programa7/Postmortem" start="@1558681340056" flag="A" />
</timeLogEntries>
