<?xml version='1.0' encoding='UTF-8' ?>
<timeLogEntries>
  <time id="1" path="/Projeto/Programa2/Planning" start="@1553616360511" delta="1" />
  <time id="2" path="/Projeto/Programa2/Design" start="@1553616405311" delta="2" />
  <time id="3" path="/Projeto/Programa2/Code" start="@1553616507482" delta="15" interrupt="1" />
  <time id="4" path="/Projeto/Programa2/Test" start="@1553617526830" delta="1" />
  <time id="5" path="/Projeto/Programa2/Postmortem" start="@1553617548092" />
  <time id="6" path="/Projeto/Prog2/Planning" start="@1554130443208" delta="1" />
  <time id="7" path="/Projeto/Prog2/Design" start="@1554130494331" delta="1" />
  <time id="8" path="/Projeto/Prog2/Code" start="@1554130578547" delta="107" />
  <time id="9" path="/Projeto/Prog2/Test" start="@1554136971591" delta="1" />
  <time id="10" path="/Projeto/Prog2/Postmortem" start="@1554136972332" />
  <time id="11" path="/Projeto/Programa5/Planning" start="@1556633657520" delta="1" />
  <time id="12" path="/Projeto/Programa5/Design" start="@1556633697011" delta="5" />
  <time id="13" path="/Projeto/Programa5/Design Review" start="@1556633978239" delta="1" />
  <time id="14" path="/Projeto/Programa5/Code" start="@1556633995128" delta="97" interrupt="16" />
</timeLogEntries>
