<?xml version='1.0' encoding='UTF-8' ?>
<timeLogEntries>
  <time id="20" path="/Engenharia2/Programa2/Planning" start="@1557612926375" delta="1" flag="A" />
  <time id="21" path="/Engenharia2/Programa2/Design" start="@1557612952080" delta="1" flag="A" />
  <time id="22" path="/Engenharia2/Programa2/Code" start="@1557613007743" delta="83" flag="A" />
  <time id="23" path="/Engenharia2/Programa2/Test" start="@1557617994516" delta="1" flag="A" />
  <time id="24" path="/Engenharia2/Programa2/Postmortem" start="@1557618011602" flag="A" />
  <time id="25" path="/Engenharia2/Programa3/Planning" start="@1557621558358" delta="1" flag="A" />
  <time id="26" path="/Engenharia2/Programa3/Design" start="@1557621621116" delta="1" flag="A" />
  <time id="27" path="/Engenharia2/Programa3/Code" start="@1557621686757" delta="57" flag="A" />
  <time id="28" path="/Engenharia2/Programa3/Test" start="@1557625100606" delta="3" flag="A" />
</timeLogEntries>
